{"name":"egstore","display_name":"EG Store","version":"1.0.0","author":{"name":"Egio Team","email":"info@egiodigital.com","url":"https:\/\/www.egiodigital.com\/"},"meta":{"compatibility":{"from":"1.7.0.0","to":null},"available_layouts":{"layout-full-width":{"name":"Full Width","description":"No side columns, ideal for distraction-free pages such as product pages."},"layout-both-columns":{"name":"Three Columns","description":"One large central column and 2 side columns."},"layout-left-column":{"name":"Two Columns, small left column","description":"Two columns with a small left column"},"layout-right-column":{"name":"Two Columns, small right column","description":"Two columns with a small right column"}}},"assets":null,"global_settings":{"configuration":{"PS_IMAGE_QUALITY":"png"},"modules":{"to_enable":["ps_linklist"]},"hooks":{"modules_to_hook":{"displayNav1":["ps_searchbar"],"displayNav2":["ps_customersignin","ps_shoppingcart"],"displayTop":["ps_languageselector"],"displayNavFullWidth":["ets_megamenu"],"displayAfterBodyOpeningTag":["blockreassurance"],"displayHome":["ps_imageslider","ps_customtext"],"displayFooterBefore":["blockreassurance","ps_emailsubscription"],"displayFooter":["ps_contactinfo","ps_linklist"],"displayFooterAfter":["ps_socialfollow"],"displayLeftColumn":["ps_categorytree","ps_facetedsearch"],"displaySearch":["ps_searchbar"],"displayProductAdditionalInfo":["ps_sharebuttons"],"displayReassurance":["blockreassurance"],"displayOrderConfirmation2":["ps_featuredproducts"],"displayCrossSellingShoppingCart":["ps_featuredproducts"]}},"image_types":{"cart_default":{"width":125,"height":125,"scope":["products"]},"small_default":{"width":98,"height":98,"scope":["products","categories","manufacturers","suppliers"]},"medium_default":{"width":452,"height":452,"scope":["products","manufacturers","suppliers"]},"home_default":{"width":250,"height":250,"scope":["products"]},"large_default":{"width":800,"height":800,"scope":["products","manufacturers","suppliers"]},"category_default":{"width":141,"height":180,"scope":["categories"]},"stores_default":{"width":170,"height":115,"scope":["stores"]}}},"theme_settings":{"default_layout":"layout-full-width","layouts":{"category":"layout-left-column","best-sales":"layout-left-column","new-products":"layout-left-column","prices-drop":"layout-left-column","contact":"layout-left-column","module-pm_advancedsearch4-advancedsearch4":"layout-left-column","module-pm_advancedsearch4-seo":"layout-left-column","module-pm_advancedsearch4-searchresults":"layout-left-column"}},"directory":"\/var\/www\/vhosts\/alalib.egiodigital.com\/public_html\/themes\/egstore\/","preview":"themes\/egstore\/preview.png"}